{"cameraMode":{"drawMode":0,"name":"Shaded","section":"Shading Mode"},"sceneLighting":false,"audioPlay":false,"sceneViewState":{"m_AlwaysRefresh":false,"showFog":true,"showSkybox":false,"showFlares":true,"showImageEffects":true,"showParticleSystems":true,"showVisualEffectGraphs":true,"m_FxEnabled":true},"in2DMode":false,"pivot":{"x":539.8838500976563,"y":961.3162231445313,"z":4.897826671600342},"rotation":{"x":0.002587243216112256,"y":0.9919865727424622,"z":-0.12636759877204896,"w":-0.0011801221407949925},"size":0.27795037627220156,"orthographic":false}