{"cameraMode":{"drawMode":0,"name":"Shaded","section":"Shading Mode"},"sceneLighting":false,"audioPlay":false,"sceneViewState":{"m_AlwaysRefresh":false,"showFog":true,"showSkybox":false,"showFlares":true,"showImageEffects":true,"showParticleSystems":true,"showVisualEffectGraphs":true,"m_FxEnabled":true},"in2DMode":false,"pivot":{"x":391.8337707519531,"y":287.6391906738281,"z":128.7105255126953},"rotation":{"x":0.008402053266763687,"y":0.9887897968292236,"z":-0.14397981762886048,"w":0.038840409368276599},"size":0.014544371515512467,"orthographic":false}